<?xml version="1.0" encoding="UTF-8"?>
<project-private xmlns="http://www.netbeans.org/ns/project-private/1">
    <editor-bookmarks xmlns="http://www.netbeans.org/ns/editor-bookmarks/2" lastBookmarkId="1">
        <file>
            <url>src/tts/sapi.py</url>
            <bookmark id="1">
                <name/>
                <line>14</line>
                <key/>
            </bookmark>
        </file>
    </editor-bookmarks>
    <open-files xmlns="http://www.netbeans.org/ns/projectui-open-files/2">
        <group>
            <file>file:/C:/Commback/Work/Text%20Mining/Chat/src/templates/test.html</file>
            <file>file:/C:/Commback/Work/Text%20Mining/Chat/src/templates/index.html</file>
            <file>file:/C:/Commback/Work/Text%20Mining/Chat/src/__init__.py</file>
        </group>
    </open-files>
</project-private>
