<?xml version="1.0"?>
<FileZilla3 version="3.50.0" platform="windows">
	<Servers>
		<Server>
			<Host>18.219.1.45</Host>
			<Port>22</Port>
			<Protocol>1</Protocol>
			<Type>0</Type>
			<User>ubuntu</User>
			<Pass encoding="base64" />
			<Logontype>1</Logontype>
			<EncodingType>Auto</EncodingType>
			<BypassProxy>0</BypassProxy>
			<Name>New site</Name>
			<SyncBrowsing>0</SyncBrowsing>
			<DirectoryComparison>0</DirectoryComparison>
		</Server>
		<Server>
			<Host>3.17.176.73</Host>
			<Port>22</Port>
			<Protocol>1</Protocol>
			<Type>0</Type>
			<User>ubuntu</User>
			<Pass encoding="base64" />
			<Logontype>1</Logontype>
			<EncodingType>Auto</EncodingType>
			<BypassProxy>0</BypassProxy>
			<Name>New site 2</Name>
			<SyncBrowsing>0</SyncBrowsing>
			<DirectoryComparison>0</DirectoryComparison>
		</Server>
		<Server>
			<Host>18.119.113.169</Host>
			<Port>22</Port>
			<Protocol>1</Protocol>
			<Type>0</Type>
			<User>ubuntu</User>
			<Pass encoding="base64" />
			<Logontype>1</Logontype>
			<EncodingType>Auto</EncodingType>
			<BypassProxy>0</BypassProxy>
			<Name>New site 3</Name>
			<SyncBrowsing>0</SyncBrowsing>
			<DirectoryComparison>0</DirectoryComparison>
		</Server>
		<Server>
			<Host>3.128.168.186</Host>
			<Port>22</Port>
			<Protocol>1</Protocol>
			<Type>0</Type>
			<User>ubuntu</User>
			<Logontype>3</Logontype>
			<EncodingType>Auto</EncodingType>
			<BypassProxy>0</BypassProxy>
			<Name>SIT-2021</Name>
			<SyncBrowsing>0</SyncBrowsing>
			<DirectoryComparison>0</DirectoryComparison>
		</Server>
	</Servers>
</FileZilla3>
